x,y,value,tile_id
-100.37087337020421,1061.4150396803952,64,0_-1_4
