x,y,value,tile_id
-49.52711836768697,9923.446766581126,53,0_-1_38
