x,y,value,tile_id
-129.48182734243153,7670.128662695981,98,0_-1_29
-137.10333206474365,7598.971007820221,65,0_-1_29
-126.97090011400962,7661.933327938503,65,0_-1_29
-221.00745110666264,7617.113177966509,87,0_-1_29
