x,y,value,tile_id
-137.7308399239953,7266.293913257677,59,0_-1_28
