x,y,value,tile_id
-56.09631183185161,1467.5076147647308,96,0_-1_5
