x,y,value,tile_id
-55.162570409605564,9252.501490541345,64,0_-1_36
-237.2889529817677,9426.09715022607,76,0_-1_36
-112.9650369319022,9429.672056212883,89,0_-1_36
-80.20621437546072,9337.537483180084,70,0_-1_36
-22.978775439849187,9396.586418738942,75,0_-1_36
-32.293754907304105,9382.112803734999,60,0_-1_36
-239.8847095327742,9383.01783162966,94,0_-1_36
-158.01953797666806,9328.623648078219,60,0_-1_36
-124.3486669388542,9258.890159949111,90,0_-1_36
