x,y,value,tile_id
-158.1182007280189,9541.431225280267,50,0_-1_37
-139.01296061060998,9695.483899666671,77,0_-1_37
-22.75020123392426,9524.415757662737,65,0_-1_37
-2.957098447777639,9639.265320697938,56,0_-1_37
-168.74114326772144,9625.09067925542,93,0_-1_37
-3.9854763849965593,9681.76580380239,81,0_-1_37
