x,y,value,tile_id
-229.06988155114175,7084.766430033499,81,0_-1_27
