x,y,value,tile_id
-127.6031456644348,1682.58366947083,87,0_-1_6
