x,y,value,tile_id
-463.7728534819819,10232.31610124773,86,0_-2_39
-296.2031542826263,10191.614593291679,67,0_-2_39
