x,y,value,tile_id
-492.2335224958513,9880.344597128838,90,0_-2_38
-356.6400777550954,9854.583887344992,79,0_-2_38
