x,y,value,tile_id
-335.07368228277835,7388.065289395622,91,0_-2_28
