x,y,value,tile_id
-274.9052059386157,9586.849277221709,68,0_-2_37
-287.1678773936402,9487.820723994606,57,0_-2_37
-321.5100064012321,9512.933073091013,86,0_-2_37
-380.8824987139657,9560.568314621254,97,0_-2_37
-347.7683834584411,9543.156452109028,90,0_-2_37
-272.4381613365017,9543.42289212338,60,0_-2_37
-345.911257004965,9586.069056709443,85,0_-2_37
