x,y,value,tile_id
-269.35512563614043,9199.316870043736,91,0_-2_35
-407.7705938543014,9095.373045595981,60,0_-2_35
-504.8125277521731,9040.017917892545,88,0_-2_35
-334.602474879101,9004.137795042287,80,0_-2_35
-260.4848353206546,9185.538346916806,80,0_-2_35
-368.0999562870818,9121.749778958076,69,0_-2_35
-276.3964106108973,9179.063634847198,88,0_-2_35
-336.30646876994615,9006.464293215833,95,0_-2_35
-418.9641687914318,9061.408740650317,67,0_-2_35
