x,y,value,tile_id
-389.348676198932,9373.578635898937,50,0_-2_36
-318.74985522592544,9254.85263248535,98,0_-2_36
-272.72274039409876,9396.089664629848,74,0_-2_36
