x,y,value,tile_id
-442.94109282840293,7787.235026116793,62,0_-2_30
-415.4780887041129,7900.307869048817,74,0_-2_30
-302.40440039423606,7919.018756569645,85,0_-2_30
