x,y,value,tile_id
-421.5862218387358,8404.704946177537,74,0_-2_32
-467.85059506329367,8401.776711984598,70,0_-2_32
-460.34677334504863,8411.737415622136,77,0_-2_32
-502.6757973756037,8373.465641549805,91,0_-2_32
-508.30143450502464,8244.380518078393,83,0_-2_32
-325.96314305001033,8198.94016512329,99,0_-2_32
-436.22059195791985,8444.37966949828,58,0_-2_32
