x,y,value,tile_id
-725.7981479030143,9232.739704683912,64,0_-3_36
-730.2050603280663,9425.22847887725,80,0_-3_36
