x,y,value,tile_id
-562.5879835798264,9484.314935508548,74,0_-3_37
