x,y,value,tile_id
-623.0956880405747,8505.054582160788,88,0_-3_33
-569.1018541246092,8486.897907236775,91,0_-3_33
