x,y,value,tile_id
-536.1371270230618,7864.115017438586,70,0_-3_30
-582.0077584110088,7718.715583817815,79,0_-3_30
