x,y,value,tile_id
-577.416460710961,8340.551981558992,87,0_-3_32
-535.2402847485848,8415.004643227872,80,0_-3_32
-634.1196058559724,8238.427432139712,77,0_-3_32
-754.2481600488834,8385.719784042672,93,0_-3_32
-558.0292690140118,8315.997460111006,84,0_-3_32
-557.901552701715,8425.228617743678,65,0_-3_32
