x,y,value,tile_id
-561.702809534381,8731.610122557855,61,0_-3_34
-618.8677505153948,8844.03051396397,82,0_-3_34
