x,y,value,tile_id
-648.610672734864,9186.078032953921,73,0_-3_35
-754.7630203597921,9026.779464492729,52,0_-3_35
-570.6298662073332,9139.331901233138,94,0_-3_35
-683.9136923052422,9178.124069750591,54,0_-3_35
-683.5757626090456,8992.296027538498,57,0_-3_35
