x,y,value,tile_id
-962.463593104608,8342.43580020603,84,0_-4_32
