x,y,value,tile_id
-849.9100646745549,8124.829868831478,52,0_-4_31
