x,y,value,tile_id
-910.1298347397428,9200.453166140995,52,0_-4_35
