x,y,value,tile_id
-987.6360836340098,7876.304669925856,93,0_-4_30
