x,y,value,tile_id
-1040.2418119995286,8503.414790887215,89,0_-5_33
