x,y,value,tile_id
1.800389839627936,24.137544009764646,27,0_0_0
32.829202882154185,86.41400337070837,22,0_0_0
144.9901782315788,62.47716076909104,40,0_0_0
