x,y,value,tile_id
176.52369312316637,3274.400442366133,53,0_0_12
223.37654381037075,3242.972241778892,31,0_0_12
178.60056015324145,3272.894217257033,47,0_0_12
168.68011467858324,3310.400174212166,23,0_0_12
169.55021490728694,3073.743272400289,30,0_0_12
235.33714578492294,3146.323070668885,7,0_0_12
240.56846733773952,3109.0680839240836,9,0_0_12
243.28820578248477,3109.026302635449,26,0_0_12
