x,y,value,tile_id
59.7484072593657,6152.36253568195,16,0_0_24
186.8978556355716,6325.752419526063,28,0_0_24
130.6923506458979,6211.962857868949,14,0_0_24
111.9852538092525,6363.239958202986,38,0_0_24
18.539564815209797,6301.6545342231975,7,0_0_24
