x,y,value,tile_id
89.65336032905613,3761.2970060000016,11,0_0_14
96.81085279649504,3643.7910999979395,23,0_0_14
160.32344426030187,3820.1921391298865,30,0_0_14
