x,y,value,tile_id
229.6521028891574,4292.8612300430495,42,0_0_16
124.5841186844332,4106.916424888478,14,0_0_16
193.56788004049608,4193.712687118221,23,0_0_16
237.6275621805035,4318.931620602278,1,0_0_16
