x,y,value,tile_id
200.232686688806,5617.123862977665,44,0_0_21
103.61547077779032,5544.308243272972,11,0_0_21
102.55149378163742,5631.418288105226,16,0_0_21
249.71024839682389,5475.848105631656,17,0_0_21
213.631630969624,5398.505631303454,33,0_0_21
32.103896020267975,5504.6374845362325,26,0_0_21
58.39915733998002,5589.629511073055,49,0_0_21
139.37678710118416,5483.467350630002,31,0_0_21
