x,y,value,tile_id
84.0843089075216,5232.927556099016,21,0_0_20
121.61454006304196,5184.2640781134305,42,0_0_20
8.817269081207169,5238.0339820717945,49,0_0_20
139.8636187314972,5186.444189679508,7,0_0_20
218.4739688963,5312.594199172156,19,0_0_20
6.9047448204928585,5197.847579861811,42,0_0_20
184.1798811520301,5127.547427524448,28,0_0_20
