x,y,value,tile_id
133.09797230643628,5926.247353861251,6,0_0_23
43.419277609462185,6138.086057932604,12,0_0_23
223.63674647081888,5890.271928818982,19,0_0_23
111.57078389021358,5972.627281121508,7,0_0_23
89.0586655163994,6076.407826153824,37,0_0_23
37.857336323967594,6087.844266374145,1,0_0_23
22.404730736960143,6015.234665281477,5,0_0_23
