x,y,value,tile_id
250.21127786957754,6587.588076481316,32,0_0_25
55.68860623661243,6426.60327216418,26,0_0_25
203.31442973430813,6525.705487339041,6,0_0_25
134.6757242144958,6645.189335375971,44,0_0_25
6.488695772243203,6606.224631215976,36,0_0_25
37.047963220088185,6530.299235485608,47,0_0_25
