x,y,value,tile_id
222.57672594803205,7404.3554763382335,87,0_0_28
231.86908630003109,7381.65305391901,57,0_0_28
82.46825273136027,7182.329380808706,45,0_0_28
162.38991949331427,7270.5596586533375,18,0_0_28
120.92694806008164,7213.418290220848,27,0_0_28
243.68092659163176,7395.1360685816035,49,0_0_28
49.98453687676818,7339.856873683006,9,0_0_28
