x,y,value,tile_id
73.5333187780866,2105.1812878905234,88,0_0_8
160.20425312757243,2105.067345191059,96,0_0_8
144.68536073144688,2207.181076397886,12,0_0_8
185.75595765121687,2056.4810569923566,48,0_0_8
26.316440214847468,2203.798143662371,41,0_0_8
55.21478401990798,2273.983648299289,6,0_0_8
236.46801070180356,2145.942732316288,31,0_0_8
33.66434071603308,2284.800147739944,44,0_0_8
