x,y,value,tile_id
76.80987005399993,907.6707535699717,73,0_0_3
3.9969258932492924,877.5922051931062,1,0_0_3
13.619224385064133,968.4617251055128,48,0_0_3
84.7972102550787,976.3392183360764,22,0_0_3
65.34540142909107,787.5934000014284,30,0_0_3
