x,y,value,tile_id
255.7827462319151,5006.08683720099,49,0_0_19
54.633242418783425,5002.228389088954,37,0_0_19
103.92702544208544,5017.396577070338,43,0_0_19
152.92314067509528,5106.04662339801,15,0_0_19
119.96679062675652,5060.7934721392685,45,0_0_19
13.92844519135683,4869.913566233755,33,0_0_19
138.8365969132077,5048.597509725403,6,0_0_19
91.48535726037244,5036.000342532465,12,0_0_19
129.6626089819919,5117.540861927833,38,0_0_19
63.049463191806595,5023.158075981345,15,0_0_19
