x,y,value,tile_id
69.1259116966736,3447.23422719,25,0_0_13
100.63402380173336,3379.7296642127085,17,0_0_13
222.3994580810018,3398.9199752458244,40,0_0_13
58.207101009025706,3520.7660660730576,8,0_0_13
230.45603894044308,3411.297256523915,16,0_0_13
12.393757663754501,3492.205547726448,13,0_0_13
141.70289628625653,3382.7363070054407,13,0_0_13
127.88894252088734,3538.328933302258,48,0_0_13
