x,y,value,tile_id
229.00512558465925,3037.9769680609193,37,0_0_11
214.15538670685686,3036.3898280912817,1,0_0_11
86.18727598900367,2967.4346277506193,40,0_0_11
38.990431140297765,2920.2082748825896,17,0_0_11
