x,y,value,tile_id
86.73429478235812,1158.5843452495683,87,0_0_4
105.85603218411347,1122.5570912348426,71,0_0_4
206.4035575883113,1054.649901782729,67,0_0_4
214.12395604825883,1255.2058202812666,33,0_0_4
216.14717751216372,1100.0096039672858,7,0_0_4
123.71182866931952,1237.0464421089312,41,0_0_4
244.63661119072611,1209.973825775066,49,0_0_4
170.6541656606797,1056.6084814041344,42,0_0_4
95.52776616969072,1254.2638002078431,11,0_0_4
