x,y,value,tile_id
50.90801914046892,1567.1362014841593,79,0_0_6
189.76150208404042,1694.2374019741058,36,0_0_6
188.07362629798985,1719.2902885924143,28,0_0_6
242.6954698938666,1693.9392235987905,35,0_0_6
142.29370972947518,1721.544243726769,25,0_0_6
28.56502817182416,1612.8564146981516,46,0_0_6
232.8532066693756,1668.0882649034568,8,0_0_6
69.96185476486727,1765.247619471898,7,0_0_6
93.2550597489068,1609.2434053786387,6,0_0_6
