x,y,value,tile_id
104.17196739499812,327.3421228517071,2,0_0_1
187.41158655532274,272.67479939198756,6,0_0_1
231.7608369701174,376.3708975192814,19,0_0_1
30.0796056072139,472.0831649588342,24,0_0_1
89.38577568048167,429.65885869543973,19,0_0_1
203.27900145589828,276.74554867134657,20,0_0_1
226.64474521924106,460.20793734093735,36,0_0_1
167.560255520115,444.44265347305276,43,0_0_1
198.35024632215647,277.02668758005757,20,0_0_1
