x,y,value,tile_id
67.9628474651428,6933.485492496247,37,0_0_27
108.28300660792323,7069.409940594883,44,0_0_27
70.09892492182534,6925.0430277787,13,0_0_27
49.56591859212267,7081.158446400949,32,0_0_27
206.21076526904147,6965.456220661787,23,0_0_27
245.7539894084193,6993.9153825631865,49,0_0_27
247.8833203688846,7026.381208885781,29,0_0_27
219.76692873475812,6981.080539383803,12,0_0_27
172.56505546768054,7053.698023157113,47,0_0_27
