x,y,value,tile_id
43.46303807612362,545.2148895148257,45,0_0_2
119.62149701723934,688.7468520822925,2,0_0_2
251.60489886242198,544.7524102502155,35,0_0_2
161.66509513597106,589.9643853710246,2,0_0_2
34.979563683013026,558.4449301108297,6,0_0_2
