x,y,value,tile_id
75.69100795141948,5814.0969589845645,49,0_0_22
115.29763509722457,5678.691311997974,49,0_0_22
153.4837476262152,5726.367065725249,5,0_0_22
147.4162570737325,5873.729517902181,3,0_0_22
