x,y,value,tile_id
109.96289275621352,2737.8326138190655,16,0_0_10
249.51884467717457,2581.8360990709443,9,0_0_10
0.9756956192685795,2587.5895672987294,10,0_0_10
179.77331176192934,2639.9174719865728,24,0_0_10
153.42191489879698,2789.7758913166626,46,0_0_10
5.947580426574062,2756.6320906000487,38,0_0_10
251.0663950517733,2741.3661115441832,49,0_0_10
176.11123362948456,2811.4524190619904,5,0_0_10
