x,y,value,tile_id
12.501275184996219,6845.406681986812,4,0_0_26
212.08050631415287,6689.059986872773,28,0_0_26
170.22424179829244,6873.06902100591,20,0_0_26
46.135359849206466,6668.802580905634,8,0_0_26
122.33572822266225,6727.291785908471,41,0_0_26
99.50909049507683,6670.595463217278,13,0_0_26
