x,y,value,tile_id
8.146173087548725,3852.8063406465308,39,0_0_15
195.3534698951076,4021.3445355275444,32,0_0_15
201.22631848516258,4001.274502455071,1,0_0_15
140.79092187602836,3907.8753802460665,48,0_0_15
15.908265157736912,3874.9048854778403,25,0_0_15
232.02630581493523,3936.0768472789755,30,0_0_15
