x,y,value,tile_id
15.238938833312954,4403.345661638556,34,0_0_17
158.36011046124975,4385.875521625555,2,0_0_17
204.95496358135634,4504.616387310099,36,0_0_17
