x,y,value,tile_id
198.95933392839584,1952.9416097135922,59,0_0_7
43.19172335173084,1910.056159003171,62,0_0_7
71.27502828621179,1818.3854974819901,10,0_0_7
174.9630162549587,1918.6897211497478,35,0_0_7
200.30467424075215,2042.003721856671,35,0_0_7
69.80324456127063,2000.280679975468,8,0_0_7
55.83530677989002,1893.9965360620747,2,0_0_7
44.10133980310316,1971.1772220981638,14,0_0_7
179.83229558083957,1915.4412680781252,31,0_0_7
189.00727331417454,1795.952813996199,31,0_0_7
