x,y,value,tile_id
472.4120159305803,1972.8715382758812,95,0_1_7
368.8052283878328,1842.8144555890021,79,0_1_7
498.17286648493973,1796.421985718662,91,0_1_7
475.39181781281803,2000.8861088244623,7,0_1_7
354.59023525763246,1824.6972615081436,31,0_1_7
290.28972204714785,1933.588550642822,42,0_1_7
397.53573234040607,1867.9284711737175,42,0_1_7
433.27477729690366,2025.4737867560136,34,0_1_7
494.5318434236168,1806.8595269830023,48,0_1_7
