x,y,value,tile_id
325.1987593216177,4178.142094898768,47,0_1_16
346.3281806369156,4103.492406598066,25,0_1_16
