x,y,value,tile_id
381.84952679548024,3973.2214446181356,16,0_1_15
352.3490931277129,3988.5592643916357,14,0_1_15
456.11964123636216,3988.660806611317,31,0_1_15
292.6546113574713,4095.6900137371867,29,0_1_15
425.0004508849059,3864.8669660344503,26,0_1_15
301.3969317707899,4064.965684387696,10,0_1_15
508.15109024355263,3864.5810530922254,3,0_1_15
284.63221683565854,3922.1789867461466,45,0_1_15
