x,y,value,tile_id
491.4454395517709,3285.8541327535163,2,0_1_12
475.1578268564471,3124.3134466838073,34,0_1_12
413.6380081930713,3156.4661274321893,17,0_1_12
327.5448411665871,3326.497781440827,22,0_1_12
483.42906438057054,3170.6769731847216,26,0_1_12
467.24972243762267,3157.78697242063,35,0_1_12
285.04798920575223,3120.3475812333404,46,0_1_12
