x,y,value,tile_id
313.99157863283153,550.8281476464282,95,0_1_2
496.2393417946742,714.5552476495021,45,0_1_2
309.9257994083482,646.7922572660423,36,0_1_2
460.66095707059105,660.0072864221185,32,0_1_2
