x,y,value,tile_id
396.575389557835,3648.9111608509506,32,0_1_14
425.5277460721463,3826.7616719013954,49,0_1_14
401.66966930985535,3668.5090338485816,5,0_1_14
353.16608594883616,3668.6844455425394,24,0_1_14
456.1148177851948,3829.809350896444,23,0_1_14
433.9794608442737,3834.917440904594,1,0_1_14
428.3460149853924,3628.1559468392543,8,0_1_14
