x,y,value,tile_id
435.9381371745376,969.1619138108202,90,0_1_3
388.94723559169165,919.2377134730133,84,0_1_3
435.1547765353847,907.732643752116,29,0_1_3
367.5582462865923,925.8470560871301,9,0_1_3
308.32772784410434,1001.2294635715524,5,0_1_3
428.87687007328367,837.1440856980528,43,0_1_3
351.89084540159786,817.4492352120255,29,0_1_3
388.0302652438505,901.8070742089412,18,0_1_3
