x,y,value,tile_id
263.3481930699122,34.90105851904235,7,0_1_0
504.24078361381964,158.14130611859545,36,0_1_0
424.3509079570662,205.24182145088443,20,0_1_0
340.40935718648416,246.5850356206334,7,0_1_0
403.45758732367784,44.68935929150098,4,0_1_0
422.2910806997715,205.19779024165354,7,0_1_0
486.3036391456765,159.92021581576532,42,0_1_0
405.46471648478575,201.18117955144731,3,0_1_0
