x,y,value,tile_id
369.12455421932555,2807.5040172979916,21,0_1_10
352.6301810514687,2691.9342044949467,35,0_1_10
283.9051822327643,2682.9905410080246,3,0_1_10
264.398830739131,2789.928475002704,14,0_1_10
340.963569516618,2646.818422066832,49,0_1_10
270.3883335668411,2605.4781500121403,2,0_1_10
428.88035884940166,2740.5984431117736,14,0_1_10
