x,y,value,tile_id
431.00534458331174,4490.793449674086,24,0_1_17
321.2514825947277,4586.125752236521,11,0_1_17
