x,y,value,tile_id
321.7903709858217,2339.120183433015,97,0_1_9
451.3818643483578,2366.335319710546,99,0_1_9
451.96147306136083,2489.809838106858,46,0_1_9
509.4644041303353,2444.1956117589693,35,0_1_9
426.2180973296692,2443.366503807077,33,0_1_9
498.72540819374643,2514.984614613226,17,0_1_9
473.7472758140038,2556.446318658078,19,0_1_9
285.55260836530374,2390.4045934589103,9,0_1_9
