x,y,value,tile_id
270.1841803948568,504.0554423603305,3,0_1_1
296.85172289470205,286.4464796965593,16,0_1_1
294.5370892585886,424.9232291905325,29,0_1_1
366.29222363724676,465.01063925366793,18,0_1_1
351.3420314221538,493.92076180875597,1,0_1_1
351.95150325164514,483.4883151217995,40,0_1_1
274.2910194595727,270.87890297129877,18,0_1_1
402.8198853215426,262.4266864772651,45,0_1_1
