x,y,value,tile_id
360.6189227916712,4814.970203016184,34,0_1_18
349.81278056653076,4620.816677316233,45,0_1_18
301.0279131199045,4750.7556879394315,33,0_1_18
450.3549730651868,4608.953568281512,46,0_1_18
303.31272613826843,4637.003942728701,26,0_1_18
