x,y,value,tile_id
277.59069220698484,4972.287007284817,26,0_1_19
468.6075577920368,5004.202932051846,20,0_1_19
272.08383809629976,4867.9184071667605,9,0_1_19
499.7172844282916,4917.684734274935,3,0_1_19
409.993481596308,4941.8286976796835,5,0_1_19
503.7417142394174,4999.949469607158,25,0_1_19
281.83547312732316,4883.017832590286,18,0_1_19
