x,y,value,tile_id
256.80263859034767,3011.5650097670587,40,0_1_11
