x,y,value,tile_id
378.71009361926,5211.381950557674,30,0_1_20
320.9764048507824,5371.536243190823,9,0_1_20
314.3942297454705,5179.829683849783,3,0_1_20
450.1781855313325,5299.455940699983,32,0_1_20
507.5229112347779,5278.495157997718,30,0_1_20
299.9063776019983,5337.359742897543,43,0_1_20
285.2850892977865,5313.95643046668,22,0_1_20
414.1871205337444,5230.6320093025115,33,0_1_20
