x,y,value,tile_id
508.88605846385417,1485.0061866009423,70,0_1_5
382.3346593606864,1387.6277848579484,89,0_1_5
464.61662277545446,1503.7667131038013,8,0_1_5
459.15136269605637,1303.2400778796894,9,0_1_5
433.1601945501573,1452.9774964392573,3,0_1_5
282.76933854557427,1323.3901229295718,32,0_1_5
396.9085734981015,1314.6816872949541,9,0_1_5
392.6079738710853,1468.7112778948563,1,0_1_5
