x,y,value,tile_id
314.6057003486351,2174.231244393025,88,0_1_8
321.4333451098569,2213.2222372292767,77,0_1_8
432.64880651549544,2235.1715673239305,41,0_1_8
320.9114457948592,2129.6558809158205,37,0_1_8
288.183751408635,2246.2170277842797,40,0_1_8
490.8531226719048,2240.206676112021,12,0_1_8
337.7217364227314,2119.1264598008265,7,0_1_8
414.77286949960114,2209.156865639108,29,0_1_8
261.0412656712702,2147.464854211185,5,0_1_8
