x,y,value,tile_id
364.2671251261365,5447.681320754915,44,0_1_21
432.00300855750106,5469.247909822715,19,0_1_21
369.1764307734302,5471.565532110789,39,0_1_21
419.4459600085776,5392.648664941966,47,0_1_21
350.6383365595189,5572.538818302541,8,0_1_21
287.2713365393287,5626.457720127221,9,0_1_21
460.1135763141462,5623.978072386521,23,0_1_21
